ts	phase	decision	why	evidence	result
2026-10-06T19:40:00Z	design	Keep home behavior and add a cancellable detail interaction	Both independent reviews found that a full controller rewrite would expand home regression risk	src/features/lenny/voice-controller.ts	Implementation in progress
2026-10-06T19:42:00Z	reproduction	Block completion on natural resume	Live home selection and pause passed but continue where we left off produced clarification	scripts/evaluate-detail-voice.mts	FAIL before fix
2026-10-06T19:46:00Z	presentation	Put detail input above artwork and distinguish Ready from Listening	The accepted wake must produce visible feedback distinct from passive wake monitoring	src/features/lenny/detail-presentation.test.ts	Browser preview checked at 320x568 and 390x844
2026-10-06T19:47:00Z	verification	Keep phone speaker and Lock Screen tests separate from software tests	The browser fixture has no microphone and the live script uses a simulated player	scripts/evaluate-detail-voice.mts	Physical device gate remains open
2026-10-06T19:53:00Z	interpretation	Separate end episode from microphone shutdown and merge equivalent resume outcomes	Live provider probes misrouted end stream and split resume probability across equivalent actions	backend/catalog-interpreter.test.ts; backend/intelligence.test.ts	Three live probe suites passed before full-flow rerun
2026-10-06T19:53:00Z	provider	Allow machine epsilon at the existing probability-sum tolerance	A real rounded distribution at 0.99 failed because of floating-point arithmetic	src/server/typesafe/client.test.ts	Regression passes without accepting a two-percent error
2026-10-06T19:54:00Z	review	Settle unanswered detail clarification on silence	Independent review reproduced indefinite ducking after a clarification	src/features/lenny/voice-controller.test.ts	Failing test committed before fix; passing after fix
2026-10-06T19:54:00Z	verification	Keep full-flow gate failed after partial success	Home through question follow-up passed but catalog routing rejected return to podcast	scripts/evaluate-detail-voice.mts	FAIL at natural return
2026-10-06T20:07:31Z	interpretation	Combine only equivalent current-episode routing outcomes	Resume and current both enter the current-episode handler, so splitting probability rejected valid resume requests	backend/catalog-interpreter.test.ts	Failing regression committed before fix; two subsequent full text flows passed
2026-10-06T20:07:31Z	verification	Reject medium transcription delay as an unproven production fix	Matched probes improved but full mixed-audio flow still omitted pause after recognizing the wake phrase	scripts/evaluate-detail-voice.mts --audio --overlap	FAIL; restored minimal delay to preserve home latency
2026-10-06T20:07:31Z	capture	Keep native echo-cancellation work as an explicit build decision	Installed Expo AudioStream exposes no iOS voice-processing option and starts in measurement mode	node_modules/expo-audio/ios/AudioStream.swift	Candidate speaker-interference cause only; physical device test still required
2026-10-06T20:30:47Z	behavior	Pause on accepted detail wake instead of ducking	User approved changing the behavior to fit the existing Expo implementation	src/features/lenny/voice-controller.test.ts	Red tests committed before implementation; explicit dismissal restores prior playback while completed pause and errors remain paused
2026-10-06T20:30:47Z	verification	Keep compound and separated wake tests distinct	An immediate pause cannot help if recognition loses the wake phrase itself	scripts/evaluate-detail-voice.mts	Compound mixed-audio request failed; separate wake then command passed detail pause and question, full flow pending
2026-10-06T20:50:50Z	catalog	Interpret unambiguous spoken-name variants semantically	Cat Woo selected Cat Wu in one judgment but the availability judgment rejected it	backend/catalog-interpreter.test.ts	Red before generic prompt fix; three spoken-name variants and two unavailable-show controls pass; no guest-specific aliases
2026-10-06T20:50:50Z	recovery	Do not close a healthy microphone after a request or speech failure	A recoverable service error previously shut down detail voice until reopening	src/features/lenny/voice-controller.test.ts	Three regressions failed before fix and pass after; playback stays paused and next wake retries
2026-10-06T20:50:50Z	verification	Broaden real-service checks beyond the prepared Brian Halligan fixture	scripts/evaluate-detail-voice.mts --catalog-smoke	Four guests pass text-driven selection, speech bytes, media range, pause/resume and end; prior speech timeout remains recorded	Simulated player only; phone capture and audible playback remain unverified
